"Status","Start Time","Stop Time","Duration in ms","Parent Suite","Suite","Sub Suite","Test Class","Test Method","Name","Description"
"failed","Fri Oct 09 05:15:55 UTC 2026","Fri Oct 09 05:16:04 UTC 2026","8587","","practice_16.iteration1.ui.LoginUserTest","","practice_16.iteration1.ui.LoginUserTest","adminCanLoginWithCorrectDateTest","adminCanLoginWithCorrectDateTest()",""
"passed","Fri Oct 09 05:16:04 UTC 2026","Fri Oct 09 05:16:04 UTC 2026","152","","practice_16.iteration1.api.CreateUserTest","","practice_16.iteration1.api.CreateUserTest","adminCanNotCreateUserWithInvalidDate","adminCanNotCreateUserWithInvalidDate(String, String, String, String, List) [2] username=ab, password=Password33$, role=USER, errorKey=username, expectedErrors=[Username must be between 3 and 15 characters]",""
"passed","Fri Oct 09 05:15:55 UTC 2026","Fri Oct 09 05:16:03 UTC 2026","8473","","practice_16.iteration1.api.CreateUserTest","","practice_16.iteration1.api.CreateUserTest","adminCanNotCreateUserWithInvalidDate","adminCanNotCreateUserWithInvalidDate(String, String, String, String, List) [1] username=   , password=Password33$, role=USER, errorKey=username, expectedErrors=[Username cannot be blank, Username must contain only letters, digits, dashes, underscores, and dots]",""
"passed","Fri Oct 09 05:16:02 UTC 2026","Fri Oct 09 05:16:03 UTC 2026","1099","","practice_16.iteration1.api.CreateAccountTest","","practice_16.iteration1.api.CreateAccountTest","userCanCreateAccountTest","userCanCreateAccountTest()",""
"passed","Fri Oct 09 05:15:57 UTC 2026","Fri Oct 09 05:16:01 UTC 2026","3916","","practice_16.iteration1.api.LoginUserTest","","practice_16.iteration1.api.LoginUserTest","adminCanGenerateAuthTokenTest","adminCanGenerateAuthTokenTest()",""
"failed","Fri Oct 09 05:15:57 UTC 2026","Fri Oct 09 05:16:04 UTC 2026","6702","","practice_16.iteration1.ui.CreateUserTest","","practice_16.iteration1.ui.CreateUserTest","adminCannotCreateUserWithInvalidDataTest","adminCannotCreateUserWithInvalidDataTest()",""
"passed","Fri Oct 09 05:16:03 UTC 2026","Fri Oct 09 05:16:04 UTC 2026","171","","practice_16.iteration1.api.CreateUserTest","","practice_16.iteration1.api.CreateUserTest","adminCanNotCreateUserWithInvalidDate","adminCanNotCreateUserWithInvalidDate(String, String, String, String, List) [3] username=abc$, password=Password33$, role=USER, errorKey=username, expectedErrors=[Username must contain only letters, digits, dashes, underscores, and dots]",""
"failed","Fri Oct 09 05:15:55 UTC 2026","Fri Oct 09 05:16:07 UTC 2026","12303","","practice_16.iteration1.ui.CreateAccountTest","","practice_16.iteration1.ui.CreateAccountTest","userCanCreateAccountTest","userCanCreateAccountTest()",""
"failed","Fri Oct 09 05:15:58 UTC 2026","Fri Oct 09 05:16:04 UTC 2026","6151","","practice_16.iteration1.ui.CreateUserTest","","practice_16.iteration1.ui.CreateUserTest","adminCanCreateUserTest","adminCanCreateUserTest()",""
"passed","Fri Oct 09 05:16:02 UTC 2026","Fri Oct 09 05:16:03 UTC 2026","1459","","practice_16.iteration1.api.CreateUserTest","","practice_16.iteration1.api.CreateUserTest","adminCanCreateUserWithCorrectDate","adminCanCreateUserWithCorrectDate()",""
"failed","Fri Oct 09 05:15:58 UTC 2026","Fri Oct 09 05:16:07 UTC 2026","8163","","practice_16.iteration1.ui.LoginUserTest","","practice_16.iteration1.ui.LoginUserTest","userCanLoginWithCorrectDateTest","userCanLoginWithCorrectDateTest()",""
"passed","Fri Oct 09 05:16:01 UTC 2026","Fri Oct 09 05:16:02 UTC 2026","555","","practice_16.iteration1.api.LoginUserTest","","practice_16.iteration1.api.LoginUserTest","userCanGenerateAuthTokenTest","userCanGenerateAuthTokenTest()",""
